cliente_id,respondeu,aumento_faturamento_pct,data_resposta
1,1,19.22,2025-07-16
2,0,,
3,0,,
4,1,3.77,2025-09-24
5,0,,
6,0,,
7,0,,
8,0,,
9,0,,
10,0,,
11,0,,
12,0,,
13,0,,
14,0,,
15,0,,
16,0,,
17,0,,
18,0,,
19,0,,
20,1,24.09,2025-09-18
21,0,,
22,1,10.51,2025-09-18
23,1,-10.49,2025-07-23
24,0,,
25,1,26.05,2025-09-21
26,1,-11.49,2025-07-14
27,0,,
28,1,12.88,2025-09-03
29,0,,
30,0,,
31,0,,
32,0,,
33,1,10.82,2025-07-22
34,0,,
35,0,,
36,1,34.28,2025-06-27
37,0,,
38,0,,
39,0,,
40,0,,
41,0,,
42,0,,
43,0,,
44,0,,
45,1,45.24,2025-06-12
46,1,43.02,2025-07-29
47,1,4.86,2025-07-12
48,0,,
49,0,,
50,0,,
51,0,,
52,1,37.53,2025-09-28
53,0,,
54,1,46.78,2025-09-24
55,1,51.9,2025-08-21
56,0,,
57,0,,
58,0,,
59,0,,
60,1,23.24,2025-07-25
61,0,,
62,0,,
63,0,,
64,0,,
65,0,,
66,1,-1.61,2025-07-27
67,1,25.24,2025-09-23
68,1,0.95,2025-07-24
69,0,,
70,0,,
71,1,21.12,2025-07-22
72,0,,
73,1,21.08,2025-09-12
74,1,29.64,2025-07-23
75,0,,
76,1,12.99,2025-07-04
77,0,,
78,0,,
79,0,,
80,1,21.81,2025-08-15
81,0,,
82,0,,
83,1,46.27,2025-07-25
84,0,,
85,0,,
86,0,,
87,0,,
88,0,,
89,1,-6.67,2025-07-25
90,0,,
91,1,59.55,2025-06-21
92,1,31.69,2025-08-15
93,0,,
94,0,,
95,0,,
96,1,20.84,2025-07-05
97,0,,
98,0,,
99,0,,
100,0,,
101,0,,
102,0,,
103,1,40.31,2025-07-20
104,1,-3.39,2025-07-11
105,0,,
106,0,,
107,0,,
108,1,43.43,2025-06-08
109,0,,
110,0,,
111,0,,
112,0,,
113,0,,
114,1,32.14,2025-07-27
115,0,,
116,0,,
117,0,,
118,0,,
119,1,38.86,2025-06-30
120,0,,
121,0,,
122,1,-2.95,2025-08-17
123,1,27.76,2025-07-11
124,0,,
125,1,44.81,2025-06-09
126,0,,
127,1,22.89,2025-07-08
128,1,24.8,2025-08-24
129,0,,
130,1,24.98,2025-08-20
131,1,11.23,2025-06-12
132,0,,
133,0,,
134,1,22.87,2025-09-19
135,0,,
136,0,,
137,1,-2.39,2025-08-13
138,1,29.15,2025-07-28
139,0,,
140,0,,
141,0,,
142,0,,
143,1,8.12,2025-09-07
144,1,-4.46,2025-08-26
145,0,,
146,0,,
147,0,,
148,1,11.94,2025-08-20
149,0,,
150,1,18.73,2025-07-11
151,0,,
152,0,,
153,0,,
154,0,,
155,0,,
156,1,-1.39,2025-06-28
157,0,,
158,0,,
159,0,,
160,1,7.54,2025-08-29
161,0,,
162,1,25.6,2025-06-13
163,0,,
164,0,,
165,1,23.04,2025-08-21
166,0,,
167,0,,
168,0,,
169,1,-4.58,2025-07-20
170,0,,
171,1,22.84,2025-06-16
172,1,23.47,2025-07-10
173,0,,
174,0,,
175,1,28.05,2025-06-10
176,0,,
177,0,,
178,1,57.66,2025-07-27
179,0,,
180,0,,
181,0,,
182,1,40.37,2025-09-20
183,0,,
184,0,,
185,0,,
186,0,,
187,0,,
188,1,43.26,2025-06-20
189,0,,
190,0,,
191,0,,
192,0,,
193,1,6.25,2025-09-25
194,1,41.65,2025-08-26
195,0,,
196,1,41.26,2025-08-07
197,0,,
198,0,,
199,0,,
200,1,23.57,2025-08-16
201,0,,
202,0,,
203,1,1.81,2025-06-09
204,1,53.12,2025-07-22
205,1,33.14,2025-07-04
206,0,,
207,1,4.81,2025-09-04
208,1,24.24,2025-06-23
209,1,38.75,2025-09-01
210,1,31.46,2025-09-14
211,0,,
212,1,-3.39,2025-09-18
213,1,17.13,2025-08-17
214,0,,
215,1,-3.79,2025-06-15
216,0,,
217,1,54.53,2025-09-13
218,1,46.98,2025-09-03
219,0,,
220,0,,
221,0,,
222,0,,
223,1,13.93,2025-09-03
224,0,,
225,0,,
226,0,,
227,1,39.22,2025-07-23
228,0,,
229,0,,
230,0,,
231,0,,
232,0,,
233,0,,
234,1,43.68,2025-07-04
235,0,,
236,0,,
237,1,31.82,2025-08-02
238,1,27.61,2025-09-26
239,0,,
240,0,,
241,0,,
242,1,20.3,2025-08-28
243,1,28.05,2025-06-20
244,1,43.62,2025-08-19
245,0,,
246,1,19.14,2025-06-07
247,1,37.58,2025-07-11
248,0,,
249,0,,
250,0,,
251,0,,
252,0,,
253,0,,
254,0,,
255,0,,
256,1,1.26,2025-07-05
257,0,,
258,0,,
259,0,,
260,0,,
261,1,-3.02,2025-08-25
262,0,,
263,0,,
264,0,,
265,0,,
266,0,,
267,0,,
268,1,63.75,2025-07-03
269,0,,
270,0,,
271,1,4.1,2025-09-23
272,0,,
273,0,,
274,1,15.38,2025-07-06
275,0,,
276,0,,
277,0,,
278,0,,
279,0,,
280,1,6.84,2025-09-20
281,1,39.72,2025-06-23
282,0,,
283,0,,
284,1,39.25,2025-09-10
285,0,,
286,1,34.43,2025-08-05
287,0,,
288,1,19.02,2025-09-29
289,0,,
290,0,,
291,1,23.39,2025-09-20
292,0,,
293,0,,
294,1,45.66,2025-07-14
295,1,42.59,2025-06-22
296,1,30.82,2025-09-23
297,0,,
298,0,,
299,1,21.89,2025-09-22
300,1,23.52,2025-07-22
301,1,33.62,2025-08-04
302,1,60.23,2025-07-31
303,1,4.0,2025-06-02
304,1,-9.67,2025-07-28
305,0,,
306,0,,
307,0,,
308,1,49.31,2025-08-04
309,0,,
310,0,,
311,1,41.91,2025-06-25
312,1,20.83,2025-08-07
313,0,,
314,0,,
315,0,,
316,0,,
317,0,,
318,0,,
319,1,4.84,2025-07-27
320,0,,
321,0,,
322,0,,
323,0,,
324,0,,
325,1,-9.13,2025-08-09
326,0,,
327,0,,
328,0,,
329,0,,
330,0,,
331,0,,
332,0,,
333,0,,
334,1,5.74,2025-06-26
335,1,30.97,2025-06-06
336,1,9.97,2025-06-21
337,0,,
338,0,,
339,1,23.61,2025-06-27
340,0,,
341,0,,
342,0,,
343,0,,
344,0,,
345,0,,
346,0,,
347,1,8.9,2025-06-11
348,0,,
349,0,,
350,0,,
351,1,14.62,2025-08-27
352,1,11.57,2025-09-29
353,1,15.71,2025-07-20
354,0,,
355,0,,
356,0,,
357,0,,
358,0,,
359,0,,
360,1,-4.81,2025-07-11
361,1,21.67,2025-08-21
362,1,23.27,2025-08-18
363,0,,
364,0,,
365,1,34.26,2025-06-10
366,0,,
367,1,42.1,2025-06-01
368,0,,
369,0,,
370,1,-15,2025-07-24
371,0,,
372,0,,
373,0,,
374,1,56.41,2025-07-20
375,0,,
376,1,0.46,2025-07-27
377,1,8.11,2025-08-24
378,1,-3.47,2025-06-14
379,0,,
380,0,,
381,0,,
382,1,20.22,2025-07-10
383,1,40.22,2025-08-20
384,0,,
385,0,,
386,1,17.86,2025-07-31
387,0,,
388,1,40.5,2025-07-26
389,1,-12.82,2025-09-20
390,1,17.78,2025-06-28
391,0,,
392,0,,
393,1,12.53,2025-09-04
394,1,32.24,2025-09-11
395,1,4.81,2025-09-27
396,1,11.24,2025-08-06
397,1,24.47,2025-06-22
398,1,-7.78,2025-08-21
399,0,,
400,1,-15,2025-07-25
401,0,,
402,1,9.29,2025-06-29
403,0,,
404,0,,
405,0,,
406,1,18.66,2025-07-29
407,0,,
408,1,20.87,2025-06-22
409,0,,
410,0,,
411,0,,
412,1,54.81,2025-09-05
413,0,,
414,1,53.44,2025-08-04
415,0,,
416,0,,
417,1,23.14,2025-09-09
418,0,,
419,1,-15,2025-07-16
420,1,-13.89,2025-09-17
421,0,,
422,0,,
423,1,32.39,2025-08-17
424,0,,
425,1,20.17,2025-06-06
426,0,,
427,0,,
428,0,,
429,1,18.6,2025-09-26
430,0,,
431,1,7.86,2025-08-16
432,1,53.34,2025-08-28
433,0,,
434,1,33.1,2025-09-03
435,0,,
436,0,,
437,0,,
438,0,,
439,0,,
440,1,27.63,2025-07-08
441,1,67.37,2025-09-25
442,0,,
443,0,,
444,0,,
445,1,11.45,2025-06-27
446,0,,
447,0,,
448,1,8.86,2025-09-02
449,0,,
450,1,10.42,2025-06-04
451,0,,
452,0,,
453,0,,
454,1,20.2,2025-07-23
455,0,,
456,0,,
457,0,,
458,1,20.46,2025-06-08
459,0,,
460,1,25.31,2025-08-25
461,0,,
462,0,,
463,1,-7.52,2025-06-16
464,0,,
465,0,,
466,0,,
467,1,4.65,2025-06-08
468,0,,
469,0,,
470,1,-5.11,2025-08-12
471,1,27.08,2025-06-10
472,0,,
473,0,,
474,1,21.02,2025-08-30
475,1,17.7,2025-07-21
476,0,,
477,0,,
478,0,,
479,0,,
480,0,,
481,1,49.56,2025-08-01
482,1,9.75,2025-07-06
483,0,,
484,0,,
485,0,,
486,0,,
487,1,17.5,2025-07-08
488,0,,
489,0,,
490,1,26.31,2025-06-19
491,1,22.8,2025-07-26
492,0,,
493,1,22.62,2025-08-21
494,1,27.16,2025-08-08
495,0,,
496,0,,
497,1,13.89,2025-07-10
498,1,22.32,2025-07-22
499,1,39.15,2025-07-21
500,0,,
501,0,,
502,0,,
503,0,,
504,1,38.32,2025-07-08
505,0,,
506,0,,
507,1,12.76,2025-09-03
508,1,28.71,2025-06-09
509,0,,
510,1,41.14,2025-09-15
511,0,,
512,1,11.04,2025-09-22
513,1,39.69,2025-08-18
514,0,,
515,0,,
516,1,19.93,2025-08-19
517,0,,
518,1,20.22,2025-08-16
519,1,19.78,2025-07-21
520,1,-15,2025-08-23
521,0,,
522,1,35.72,2025-09-16
523,0,,
524,1,51.56,2025-08-30
525,0,,
526,1,21.18,2025-08-02
527,0,,
528,1,54.78,2025-07-13
529,1,-4.82,2025-08-23
530,0,,
531,0,,
532,1,23.78,2025-08-15
533,0,,
534,1,41.83,2025-06-09
535,0,,
536,1,19.86,2025-09-10
537,0,,
538,0,,
539,0,,
540,0,,
541,1,-1.48,2025-06-05
542,0,,
543,0,,
544,1,42.72,2025-07-14
545,0,,
546,0,,
547,0,,
548,0,,
549,0,,
550,1,56.19,2025-06-03
551,1,33.39,2025-06-15
552,0,,
553,0,,
554,0,,
555,0,,
556,0,,
557,0,,
558,1,46.41,2025-09-12
559,1,-9.28,2025-08-27
560,0,,
561,0,,
562,0,,
563,0,,
564,1,13.36,2025-08-13
565,0,,
566,0,,
567,0,,
568,1,-15,2025-07-23
569,1,22.75,2025-07-04
570,0,,
571,1,12.98,2025-08-11
572,0,,
573,0,,
574,0,,
575,1,31.8,2025-08-01
576,0,,
577,0,,
578,1,34.7,2025-06-19
579,0,,
580,0,,
581,1,39.75,2025-08-19
582,0,,
583,0,,
584,1,-2.59,2025-08-23
585,1,-1.81,2025-06-09
586,0,,
587,0,,
588,0,,
589,1,9.4,2025-09-01
590,0,,
591,0,,
592,0,,
593,1,8.41,2025-06-30
594,1,36.86,2025-09-10
595,1,4.04,2025-06-16
596,0,,
597,1,27.13,2025-07-22
598,0,,
599,1,30.36,2025-08-19
600,0,,
601,1,4.67,2025-08-30
602,0,,
603,1,22.0,2025-06-08
604,0,,
605,1,20.79,2025-09-09
606,0,,
607,0,,
608,1,30.86,2025-06-07
609,0,,
610,1,-15,2025-09-08
611,1,24.89,2025-06-21
612,0,,
613,0,,
614,1,-2.44,2025-09-02
615,0,,
616,0,,
617,1,24.72,2025-09-27
618,1,11.96,2025-07-05
619,1,4.39,2025-09-14
620,0,,
621,1,11.03,2025-09-19
622,1,29.5,2025-08-16
623,0,,
624,1,-2.69,2025-07-23
625,0,,
626,0,,
627,1,17.27,2025-07-17
628,0,,
629,0,,
630,0,,
631,0,,
632,0,,
633,0,,
634,1,50.86,2025-08-25
635,0,,
636,1,48.01,2025-06-25
637,0,,
638,0,,
639,1,32.27,2025-08-22
640,0,,
641,1,-7.54,2025-07-29
642,1,35.86,2025-07-12
643,1,-3.03,2025-06-14
644,0,,
645,0,,
646,0,,
647,1,39.88,2025-09-27
648,1,-0.88,2025-06-06
649,1,44.31,2025-06-26
650,0,,
651,0,,
652,0,,
653,0,,
654,1,-15,2025-07-27
655,1,30.89,2025-06-20
656,0,,
657,0,,
658,0,,
659,0,,
660,1,-4.78,2025-07-12
661,1,34.61,2025-09-20
662,0,,
663,1,41.94,2025-08-12
664,0,,
665,0,,
666,0,,
667,1,21.95,2025-08-10
668,0,,
669,0,,
670,0,,
671,0,,
672,1,45.05,2025-07-27
673,1,-4.27,2025-09-03
674,1,22.15,2025-08-21
675,0,,
676,1,28.95,2025-06-09
677,1,15.18,2025-09-22
678,0,,
679,1,39.54,2025-06-07
680,0,,
681,0,,
682,0,,
683,0,,
684,1,6.45,2025-07-26
685,0,,
686,0,,
687,0,,
688,1,-0.38,2025-09-10
689,0,,
690,1,28.95,2025-06-09
691,1,5.41,2025-06-04
692,0,,
693,0,,
694,0,,
695,1,43.12,2025-08-26
696,1,45.97,2025-09-13
697,0,,
698,0,,
699,0,,
700,0,,
701,1,35.15,2025-08-21
702,1,22.35,2025-06-21
703,0,,
704,0,,
705,0,,
706,0,,
707,0,,
708,1,23.79,2025-08-04
709,0,,
710,0,,
711,0,,
712,0,,
713,1,32.72,2025-09-22
714,1,43.54,2025-07-13
715,0,,
716,1,18.73,2025-06-29
717,1,34.34,2025-09-05
718,0,,
719,0,,
720,0,,
721,1,-11.31,2025-09-15
722,1,8.84,2025-06-04
723,0,,
724,0,,
725,1,30.5,2025-07-17
726,0,,
727,1,32.23,2025-07-18
728,1,19.65,2025-07-22
729,0,,
730,0,,
731,1,47.87,2025-07-14
732,0,,
733,0,,
734,0,,
735,0,,
736,0,,
737,0,,
738,1,39.02,2025-09-28
739,1,13.79,2025-07-22
740,1,28.19,2025-07-26
741,1,13.41,2025-08-25
742,1,29.78,2025-07-17
743,1,35.77,2025-09-20
744,0,,
745,0,,
746,1,-15,2025-09-19
747,0,,
748,0,,
749,0,,
750,0,,
751,1,27.65,2025-09-11
752,1,12.46,2025-09-06
753,0,,
754,0,,
755,1,5.78,2025-08-19
756,0,,
757,0,,
758,1,0.71,2025-06-26
759,0,,
760,0,,
761,1,19.02,2025-07-11
762,1,39.25,2025-08-29
763,0,,
764,0,,
765,1,27.78,2025-09-17
766,0,,
767,1,30.08,2025-09-21
768,0,,
769,1,18.42,2025-06-01
770,1,14.81,2025-08-07
771,0,,
772,1,20.72,2025-08-11
773,0,,
774,1,15.15,2025-09-16
775,0,,
776,0,,
777,0,,
778,1,26.96,2025-08-10
779,0,,
780,0,,
781,0,,
782,0,,
783,0,,
784,0,,
785,0,,
786,0,,
787,0,,
788,0,,
789,1,-15,2025-09-02
790,1,31.49,2025-08-09
791,0,,
792,0,,
793,1,9.22,2025-09-18
794,0,,
795,0,,
796,1,24.35,2025-06-28
797,1,24.23,2025-09-16
798,1,44.82,2025-09-03
799,1,21.13,2025-09-01
800,0,,
801,1,50.13,2025-07-14
802,0,,
803,0,,
804,0,,
805,0,,
806,0,,
807,0,,
808,0,,
809,0,,
810,0,,
811,0,,
812,1,18.61,2025-08-29
813,0,,
814,1,31.68,2025-08-21
815,1,23.35,2025-09-25
816,0,,
817,1,4.24,2025-07-25
818,0,,
819,1,30.34,2025-06-15
820,1,10.55,2025-08-12
821,0,,
822,1,-4.66,2025-09-08
823,1,-9.55,2025-08-19
824,0,,
825,0,,
826,0,,
827,0,,
828,0,,
829,1,30.73,2025-06-10
830,0,,
831,0,,
832,0,,
833,1,22.24,2025-09-16
834,1,29.3,2025-07-26
835,1,38.5,2025-08-31
836,0,,
837,1,18.7,2025-07-24
838,0,,
839,0,,
840,0,,
841,0,,
842,1,71.83,2025-08-19
843,1,29.16,2025-06-08
844,1,42.97,2025-09-05
845,0,,
846,0,,
847,0,,
848,1,11.66,2025-08-07
849,0,,
850,0,,
851,0,,
852,0,,
853,1,24.61,2025-06-17
854,0,,
855,1,12.86,2025-06-19
856,0,,
857,0,,
858,0,,
859,0,,
860,0,,
861,1,38.11,2025-09-23
862,1,12.73,2025-09-19
863,0,,
864,0,,
865,0,,
866,1,21.82,2025-06-16
867,0,,
868,1,44.56,2025-07-12
869,0,,
870,1,23.08,2025-06-05
871,0,,
872,1,59.38,2025-08-21
873,0,,
874,1,38.29,2025-08-05
875,0,,
876,0,,
877,0,,
878,1,41.88,2025-06-23
879,1,8.74,2025-08-18
880,1,10.76,2025-07-18
881,0,,
882,0,,
883,0,,
884,0,,
885,0,,
886,1,23.41,2025-06-11
887,0,,
888,0,,
889,1,44.35,2025-07-03
890,1,30.08,2025-08-30
891,0,,
892,1,50.4,2025-07-14
893,0,,
894,0,,
895,0,,
896,0,,
897,0,,
898,1,62.15,2025-09-17
899,0,,
900,0,,
901,1,12.2,2025-09-19
902,0,,
903,1,40.54,2025-08-12
904,1,18.84,2025-09-20
905,0,,
906,1,-0.96,2025-07-07
907,1,41.84,2025-06-29
908,0,,
909,0,,
910,1,56.37,2025-07-07
911,0,,
912,0,,
913,1,20.7,2025-06-28
914,1,24.05,2025-09-14
915,0,,
916,0,,
917,0,,
918,0,,
919,0,,
920,0,,
921,0,,
922,0,,
923,0,,
924,0,,
925,0,,
926,0,,
927,1,49.87,2025-06-07
928,0,,
929,1,18.63,2025-06-01
930,0,,
931,0,,
932,1,16.54,2025-07-30
933,0,,
934,1,29.54,2025-08-09
935,0,,
936,0,,
937,0,,
938,0,,
939,0,,
940,1,22.85,2025-09-28
941,0,,
942,1,30.31,2025-06-29
943,0,,
944,1,31.22,2025-07-04
945,1,37.73,2025-07-28
946,0,,
947,0,,
948,1,8.14,2025-07-28
949,0,,
950,1,48.37,2025-08-06
951,0,,
952,1,21.19,2025-06-12
953,1,41.64,2025-07-26
954,0,,
955,1,12.08,2025-07-19
956,1,26.17,2025-08-31
957,0,,
958,0,,
959,0,,
960,0,,
961,1,55.47,2025-09-09
962,1,21.68,2025-07-30
963,1,-4.7,2025-08-28
964,0,,
965,0,,
966,0,,
967,1,5.5,2025-07-10
968,0,,
969,0,,
970,0,,
971,0,,
972,0,,
973,0,,
974,0,,
975,1,-5.27,2025-07-14
976,1,18.31,2025-09-28
977,1,17.23,2025-07-23
978,1,-1.31,2025-08-22
979,0,,
980,0,,
981,0,,
982,0,,
983,0,,
984,0,,
985,0,,
986,0,,
987,0,,
988,0,,
989,0,,
990,0,,
991,0,,
992,1,34.87,2025-06-29
993,0,,
994,1,15.87,2025-07-12
995,0,,
996,0,,
997,0,,
998,1,-8.73,2025-08-31
999,0,,
1000,0,,
1001,1,37.47,2025-08-20
1002,1,17.28,2025-08-19
1003,1,26.7,2025-07-25
1004,1,42.27,2025-08-26
1005,1,42.52,2025-09-22
1006,0,,
1007,1,9.91,2025-08-12
1008,0,,
1009,0,,
1010,0,,
1011,0,,
1012,0,,
1013,0,,
1014,0,,
1015,0,,
1016,0,,
1017,1,-2.62,2025-06-03
1018,0,,
1019,1,13.98,2025-07-03
1020,1,32.92,2025-08-16
1021,1,-2.39,2025-06-24
1022,1,15.06,2025-07-14
1023,1,36.32,2025-09-19
1024,0,,
1025,0,,
1026,1,15.88,2025-08-20
1027,0,,
1028,0,,
1029,0,,
1030,0,,
1031,1,3.44,2025-08-31
1032,1,42.13,2025-08-01
1033,0,,
1034,1,14.04,2025-08-24
1035,1,46.2,2025-07-08
1036,0,,
1037,0,,
1038,0,,
1039,0,,
1040,1,-8.09,2025-08-24
1041,1,15.63,2025-09-18
1042,1,42.74,2025-07-15
1043,1,36.29,2025-09-04
1044,1,36.17,2025-06-24
1045,0,,
1046,0,,
1047,1,22.73,2025-06-30
1048,0,,
1049,0,,
1050,0,,
1051,0,,
1052,0,,
1053,1,8.84,2025-09-24
1054,0,,
1055,0,,
1056,0,,
1057,0,,
1058,1,31.68,2025-06-27
1059,0,,
1060,1,9.4,2025-08-30
1061,0,,
1062,0,,
1063,1,61.73,2025-06-10
1064,0,,
1065,0,,
1066,1,22.25,2025-08-05
1067,1,23.82,2025-08-24
1068,0,,
1069,0,,
1070,0,,
1071,1,14.62,2025-07-21
1072,0,,
1073,0,,
1074,0,,
1075,0,,
1076,0,,
1077,1,42.14,2025-09-26
1078,0,,
1079,0,,
1080,0,,
1081,1,50.3,2025-09-07
1082,1,5.66,2025-09-12
1083,1,35.51,2025-09-03
1084,1,39.24,2025-07-20
1085,0,,
1086,0,,
1087,0,,
1088,0,,
1089,0,,
1090,1,46.9,2025-07-28
1091,0,,
1092,0,,
1093,0,,
1094,1,69.47,2025-09-06
1095,1,25.14,2025-06-08
1096,0,,
1097,1,12.15,2025-07-09
1098,0,,
1099,0,,
1100,1,-2.24,2025-09-01
1101,0,,
1102,0,,
1103,0,,
1104,1,11.88,2025-08-29
1105,0,,
1106,0,,
1107,0,,
1108,0,,
1109,1,31.64,2025-09-07
1110,0,,
1111,1,40.88,2025-07-21
1112,0,,
1113,1,17.41,2025-08-14
1114,0,,
1115,1,11.44,2025-09-16
1116,1,45.06,2025-09-22
1117,0,,
1118,1,48.01,2025-06-26
1119,0,,
1120,0,,
1121,1,24.71,2025-06-07
1122,1,34.33,2025-07-28
1123,0,,
1124,0,,
1125,0,,
1126,0,,
1127,0,,
1128,1,28.5,2025-07-09
1129,0,,
1130,0,,
1131,1,21.02,2025-09-19
1132,0,,
1133,1,4.9,2025-09-28
1134,0,,
1135,0,,
1136,0,,
1137,0,,
1138,1,-13.91,2025-08-01
1139,0,,
1140,0,,
1141,0,,
1142,0,,
1143,0,,
1144,0,,
1145,0,,
1146,0,,
1147,1,43.05,2025-07-17
1148,1,-1.79,2025-06-05
1149,0,,
1150,0,,
1151,0,,
1152,0,,
1153,0,,
1154,0,,
1155,0,,
1156,1,6.33,2025-08-30
1157,0,,
1158,0,,
1159,0,,
1160,1,9.01,2025-06-28
1161,0,,
1162,0,,
1163,1,2.4,2025-06-17
1164,0,,
1165,0,,
1166,0,,
1167,1,28.51,2025-07-26
1168,0,,
1169,0,,
1170,1,22.81,2025-07-17
1171,0,,
1172,1,38.23,2025-06-09
1173,0,,
1174,1,40.51,2025-08-20
1175,0,,
1176,1,-5.07,2025-09-05
1177,1,4.72,2025-07-26
1178,0,,
1179,0,,
1180,1,13.55,2025-08-28
1181,1,15.85,2025-09-22
1182,1,0.04,2025-08-25
1183,1,15.35,2025-09-23
1184,0,,
1185,1,6.66,2025-08-10
1186,0,,
1187,0,,
1188,0,,
1189,1,-4.66,2025-07-01
1190,1,43.86,2025-08-07
1191,0,,
1192,1,49.72,2025-09-01
1193,0,,
1194,1,43.58,2025-07-09
1195,0,,
1196,1,7.42,2025-08-07
1197,0,,
1198,0,,
1199,0,,
1200,0,,
1201,0,,
1202,1,12.12,2025-08-06
1203,1,24.88,2025-09-06
1204,1,86.07,2025-07-16
1205,0,,
1206,1,7.64,2025-08-09
1207,1,6.8,2025-09-03
1208,1,18.11,2025-09-28
1209,0,,
1210,0,,
1211,0,,
1212,1,24.14,2025-08-07
1213,1,23.8,2025-06-01
1214,0,,
1215,0,,
1216,0,,
1217,0,,
1218,0,,
1219,0,,
1220,0,,
1221,1,-0.02,2025-07-28
1222,0,,
1223,0,,
1224,0,,
1225,0,,
1226,1,31.49,2025-07-20
1227,0,,
1228,1,23.08,2025-06-29
1229,1,8.64,2025-09-13
1230,0,,
1231,1,-15,2025-06-26
1232,0,,
1233,0,,
1234,0,,
1235,1,0.17,2025-09-19
1236,0,,
1237,0,,
1238,0,,
1239,0,,
1240,0,,
1241,1,34.64,2025-07-08
1242,1,22.04,2025-09-22
1243,0,,
1244,1,27.76,2025-06-22
1245,1,21.53,2025-07-08
1246,1,23.34,2025-07-31
1247,1,21.13,2025-07-24
1248,1,-15,2025-08-12
1249,0,,
1250,0,,
1251,1,27.38,2025-08-15
1252,0,,
1253,1,39.22,2025-08-13
1254,0,,
1255,0,,
1256,1,18.74,2025-06-15
1257,0,,
1258,1,22.18,2025-09-01
1259,1,1.27,2025-07-26
1260,1,2.45,2025-08-07
1261,1,4.98,2025-07-28
1262,0,,
1263,0,,
1264,0,,
1265,0,,
1266,0,,
1267,0,,
1268,0,,
1269,1,29.62,2025-07-03
1270,0,,
1271,1,-1.57,2025-09-10
1272,0,,
1273,0,,
1274,1,-9.87,2025-07-11
1275,1,35.76,2025-08-01
1276,1,7.64,2025-07-27
1277,0,,
1278,1,24.12,2025-06-29
1279,0,,
1280,0,,
1281,0,,
1282,0,,
1283,0,,
1284,0,,
1285,0,,
1286,1,-0.1,2025-08-06
1287,0,,
1288,1,15.08,2025-08-15
1289,0,,
1290,0,,
1291,0,,
1292,1,31.27,2025-08-21
1293,0,,
1294,0,,
1295,1,44.34,2025-06-02
1296,1,16.78,2025-06-30
1297,1,29.12,2025-08-10
1298,1,50.5,2025-06-09
1299,0,,
1300,1,27.89,2025-09-27
1301,1,-7.97,2025-09-03
1302,0,,
1303,1,41.35,2025-06-18
1304,1,26.18,2025-09-25
1305,1,64.21,2025-09-06
1306,0,,
1307,1,-0.09,2025-09-21
1308,0,,
1309,0,,
1310,0,,
1311,0,,
1312,0,,
1313,0,,
1314,1,44.98,2025-07-21
1315,0,,
1316,1,33.01,2025-08-16
1317,0,,
1318,1,47.84,2025-08-02
1319,0,,
1320,0,,
1321,1,-3.7,2025-08-10
1322,1,26.79,2025-08-29
1323,0,,
1324,0,,
1325,0,,
1326,0,,
1327,1,4.77,2025-06-29
1328,0,,
1329,0,,
1330,0,,
1331,0,,
1332,0,,
1333,0,,
1334,0,,
1335,0,,
1336,0,,
1337,0,,
1338,1,11.37,2025-07-13
1339,0,,
1340,0,,
1341,0,,
1342,0,,
1343,1,48.49,2025-07-27
1344,0,,
1345,0,,
1346,1,21.33,2025-08-18
1347,0,,
1348,0,,
1349,0,,
1350,0,,
1351,0,,
1352,1,9.82,2025-06-24
1353,0,,
1354,1,26.7,2025-07-16
1355,1,5.51,2025-07-20
1356,1,20.25,2025-07-13
1357,0,,
1358,0,,
1359,0,,
1360,0,,
1361,1,6.73,2025-08-14
1362,0,,
1363,0,,
1364,0,,
1365,0,,
1366,1,26.04,2025-09-11
1367,0,,
1368,0,,
1369,0,,
1370,0,,
1371,0,,
1372,0,,
1373,0,,
1374,0,,
1375,0,,
1376,1,-6.38,2025-09-06
1377,1,22.92,2025-08-10
1378,0,,
1379,1,21.14,2025-08-20
1380,0,,
1381,0,,
1382,1,5.65,2025-08-19
1383,0,,
1384,1,-4.68,2025-06-04
1385,1,30.04,2025-09-11
1386,1,45.57,2025-07-28
1387,1,28.92,2025-09-08
1388,1,35.98,2025-07-02
1389,0,,
1390,0,,
1391,0,,
1392,1,33.09,2025-09-19
1393,0,,
1394,0,,
1395,1,-7.96,2025-09-07
1396,1,8.1,2025-07-07
1397,0,,
1398,0,,
1399,1,39.57,2025-08-01
1400,1,32.31,2025-09-20
1401,0,,
1402,0,,
1403,0,,
1404,0,,
1405,0,,
1406,0,,
1407,1,-3.43,2025-08-04
1408,1,12.07,2025-09-19
1409,0,,
1410,0,,
1411,0,,
1412,1,10.77,2025-07-21
1413,0,,
1414,0,,
1415,1,26.2,2025-07-22
1416,0,,
1417,1,43.23,2025-07-28
1418,0,,
1419,0,,
1420,0,,
1421,1,12.66,2025-06-13
1422,0,,
1423,1,21.2,2025-09-22
1424,0,,
1425,0,,
1426,1,-3.68,2025-06-02
1427,1,33.89,2025-09-11
1428,0,,
1429,0,,
1430,0,,
1431,0,,
1432,1,46.79,2025-08-09
1433,0,,
1434,0,,
1435,0,,
1436,1,10.29,2025-09-05
1437,1,39.8,2025-07-31
1438,0,,
1439,1,36.71,2025-06-15
1440,1,23.98,2025-07-07
1441,1,40.81,2025-09-28
1442,0,,
1443,0,,
1444,1,29.35,2025-07-19
1445,1,12.95,2025-08-27
1446,0,,
1447,1,5.26,2025-08-21
1448,1,7.74,2025-06-30
1449,0,,
1450,1,34.99,2025-07-06
1451,0,,
1452,0,,
1453,1,54.7,2025-07-13
1454,0,,
1455,1,30.71,2025-08-22
1456,0,,
1457,1,19.27,2025-09-20
1458,0,,
1459,0,,
1460,1,19.23,2025-08-23
1461,0,,
1462,0,,
1463,1,22.97,2025-07-15
1464,0,,
1465,0,,
1466,0,,
1467,0,,
1468,1,41.27,2025-08-26
1469,1,15.06,2025-06-28
1470,0,,
1471,0,,
1472,0,,
1473,1,11.73,2025-07-12
1474,0,,
1475,0,,
1476,1,50.27,2025-07-01
1477,1,28.95,2025-09-09
1478,0,,
1479,1,14.84,2025-07-05
1480,0,,
1481,0,,
1482,0,,
1483,0,,
1484,0,,
1485,0,,
1486,0,,
1487,1,13.03,2025-06-06
1488,0,,
1489,1,31.35,2025-08-30
1490,0,,
1491,1,60.12,2025-09-20
1492,0,,
1493,0,,
1494,0,,
1495,0,,
1496,0,,
1497,0,,
1498,0,,
1499,1,45.51,2025-06-15
1500,0,,
1501,1,23.52,2025-08-14
1502,0,,
1503,0,,
1504,1,42.08,2025-08-04
1505,0,,
1506,0,,
1507,0,,
1508,0,,
1509,0,,
1510,1,-15,2025-09-23
1511,1,36.18,2025-07-19
1512,0,,
1513,0,,
1514,0,,
1515,1,4.39,2025-06-13
1516,0,,
1517,1,37.94,2025-06-20
1518,1,14.19,2025-06-30
1519,1,30.43,2025-06-14
1520,1,12.56,2025-07-22
1521,0,,
1522,0,,
1523,1,43.21,2025-09-29
1524,0,,
1525,1,-1.48,2025-08-03
1526,0,,
1527,0,,
1528,0,,
1529,0,,
1530,1,-1.89,2025-08-22
1531,0,,
1532,0,,
1533,1,13.34,2025-09-24
1534,1,27.6,2025-09-08
1535,0,,
1536,0,,
1537,1,51.82,2025-07-06
1538,1,53.18,2025-07-04
1539,0,,
1540,0,,
1541,0,,
1542,0,,
1543,1,9.16,2025-09-17
1544,1,23.74,2025-07-26
1545,1,4.79,2025-07-15
1546,0,,
1547,0,,
1548,0,,
1549,0,,
1550,0,,
1551,0,,
1552,1,35.82,2025-08-24
1553,0,,
1554,0,,
1555,0,,
1556,0,,
1557,0,,
1558,0,,
1559,0,,
1560,1,20.78,2025-08-04
1561,0,,
1562,0,,
1563,1,30.43,2025-06-25
1564,0,,
1565,0,,
1566,0,,
1567,0,,
1568,1,43.04,2025-06-23
1569,0,,
1570,0,,
1571,1,26.66,2025-08-26
1572,1,8.13,2025-07-26
1573,1,23.16,2025-09-10
1574,1,7.76,2025-08-28
1575,1,13.21,2025-07-12
1576,1,33.74,2025-07-20
1577,1,32.76,2025-07-26
1578,0,,
1579,0,,
1580,1,53.39,2025-07-03
1581,0,,
1582,0,,
1583,1,24.16,2025-08-25
1584,1,23.06,2025-09-28
1585,1,38.72,2025-06-19
1586,0,,
1587,1,18.56,2025-07-18
1588,0,,
1589,0,,
1590,0,,
1591,0,,
1592,1,51.12,2025-08-29
1593,1,-6.47,2025-06-21
1594,0,,
1595,1,27.84,2025-08-28
1596,0,,
1597,0,,
1598,1,36.26,2025-08-07
1599,0,,
1600,0,,
1601,1,13.19,2025-07-02
1602,1,27.85,2025-09-21
1603,0,,
1604,0,,
1605,0,,
1606,0,,
1607,1,34.01,2025-08-04
1608,0,,
1609,0,,
1610,0,,
1611,0,,
1612,0,,
1613,0,,
1614,0,,
1615,0,,
1616,0,,
1617,0,,
1618,1,11.01,2025-08-13
1619,1,12.76,2025-06-10
1620,1,14.63,2025-08-02
1621,1,29.88,2025-09-19
1622,0,,
1623,0,,
1624,0,,
1625,0,,
1626,0,,
1627,0,,
1628,0,,
1629,0,,
1630,1,15.03,2025-07-22
1631,0,,
1632,0,,
1633,0,,
1634,1,26.54,2025-07-21
1635,1,32.82,2025-08-31
1636,0,,
1637,1,37.38,2025-06-02
1638,1,34.29,2025-07-09
1639,1,29.2,2025-06-29
1640,1,48.22,2025-06-14
1641,0,,
1642,0,,
1643,0,,
1644,0,,
1645,1,40.05,2025-07-06
1646,0,,
1647,1,23.79,2025-07-02
1648,0,,
1649,0,,
1650,0,,
1651,0,,
1652,1,-5.22,2025-09-26
1653,0,,
1654,0,,
1655,0,,
1656,1,17.07,2025-07-16
1657,1,50.66,2025-08-12
1658,0,,
1659,0,,
1660,1,-3.17,2025-07-02
1661,1,35.46,2025-09-11
1662,1,30.14,2025-08-26
1663,1,3.04,2025-09-17
1664,1,31.47,2025-08-31
1665,0,,
1666,1,-13.25,2025-07-23
1667,0,,
1668,0,,
1669,0,,
1670,1,48.58,2025-08-03
1671,0,,
1672,0,,
1673,1,36.47,2025-08-21
1674,0,,
1675,0,,
1676,1,14.47,2025-09-23
1677,0,,
1678,0,,
1679,0,,
1680,0,,
1681,1,30.95,2025-06-08
1682,0,,
1683,1,19.43,2025-07-12
1684,0,,
1685,0,,
1686,0,,
1687,0,,
1688,0,,
1689,0,,
1690,0,,
1691,0,,
1692,1,-0.77,2025-08-22
1693,1,12.26,2025-09-20
1694,0,,
1695,0,,
1696,0,,
1697,1,34.41,2025-08-10
1698,1,20.48,2025-07-21
1699,0,,
1700,0,,
1701,0,,
1702,1,65.1,2025-07-31
1703,0,,
1704,1,33.64,2025-08-27
1705,0,,
1706,1,19.72,2025-06-03
1707,1,33.73,2025-06-02
1708,0,,
1709,0,,
1710,1,54.94,2025-09-03
1711,0,,
1712,1,33.18,2025-09-10
1713,1,33.23,2025-08-23
1714,0,,
1715,0,,
1716,0,,
1717,1,22.51,2025-08-23
1718,0,,
1719,0,,
1720,0,,
1721,0,,
1722,1,24.38,2025-08-08
1723,1,41.9,2025-07-13
1724,0,,
1725,1,24.65,2025-06-18
1726,0,,
1727,0,,
1728,1,10.02,2025-09-07
1729,1,36.69,2025-08-25
1730,0,,
1731,1,25.5,2025-08-27
1732,0,,
1733,0,,
1734,0,,
1735,0,,
1736,1,8.47,2025-07-22
1737,0,,
1738,1,5.46,2025-07-05
1739,0,,
1740,1,-3.06,2025-09-15
1741,0,,
1742,0,,
1743,1,25.88,2025-07-25
1744,1,1.38,2025-08-06
1745,1,34.89,2025-09-16
1746,1,47.82,2025-08-22
1747,1,18.42,2025-09-15
1748,0,,
1749,0,,
1750,0,,
1751,1,51.51,2025-09-04
1752,0,,
1753,1,24.53,2025-08-14
1754,1,29.37,2025-06-19
1755,1,40.05,2025-09-21
1756,1,24.46,2025-08-15
1757,0,,
1758,1,38.9,2025-06-25
1759,1,45.34,2025-08-26
1760,0,,
1761,0,,
1762,1,41.31,2025-06-07
1763,1,15.49,2025-08-19
1764,0,,
1765,0,,
1766,0,,
1767,1,26.38,2025-06-01
1768,0,,
1769,0,,
1770,0,,
1771,0,,
1772,0,,
1773,0,,
1774,1,51.62,2025-06-17
1775,0,,
1776,0,,
1777,0,,
1778,1,20.08,2025-07-19
1779,1,43.51,2025-06-20
1780,1,29.36,2025-06-01
1781,1,38.87,2025-08-17
1782,0,,
1783,1,32.08,2025-07-30
1784,0,,
1785,1,17.6,2025-08-25
1786,0,,
1787,1,29.5,2025-08-10
1788,1,24.18,2025-09-16
1789,0,,
1790,0,,
1791,0,,
1792,0,,
1793,0,,
1794,0,,
1795,1,20.33,2025-07-24
1796,0,,
1797,1,8.16,2025-07-26
1798,1,36.91,2025-06-24
1799,1,24.78,2025-06-20
1800,0,,
1801,0,,
1802,0,,
1803,0,,
1804,1,65.3,2025-06-13
1805,1,-3.45,2025-06-03
1806,1,37.22,2025-08-14
1807,1,35.03,2025-07-27
1808,0,,
1809,1,56.99,2025-07-09
1810,0,,
1811,1,36.03,2025-06-20
1812,1,30.35,2025-08-03
1813,0,,
1814,0,,
1815,0,,
1816,0,,
1817,0,,
1818,0,,
1819,1,14.79,2025-08-07
1820,0,,
1821,0,,
1822,0,,
1823,0,,
1824,0,,
1825,0,,
1826,0,,
1827,0,,
1828,0,,
1829,0,,
1830,1,27.68,2025-06-14
1831,1,29.69,2025-07-04
1832,1,19.87,2025-07-04
1833,1,13.35,2025-07-10
1834,0,,
1835,0,,
1836,0,,
1837,0,,
1838,1,53.43,2025-08-26
1839,0,,
1840,0,,
1841,0,,
1842,0,,
1843,0,,
1844,0,,
1845,1,22.46,2025-07-23
1846,0,,
1847,1,21.62,2025-09-24
1848,0,,
1849,0,,
1850,0,,
1851,0,,
1852,0,,
1853,1,31.18,2025-09-10
1854,1,22.43,2025-08-03
1855,0,,
1856,0,,
1857,0,,
1858,0,,
1859,1,28.32,2025-08-26
1860,1,15.83,2025-06-28
1861,0,,
1862,0,,
1863,0,,
1864,0,,
1865,0,,
1866,1,44.19,2025-07-11
1867,0,,
1868,0,,
1869,0,,
1870,0,,
1871,1,58.12,2025-06-09
1872,0,,
1873,0,,
1874,0,,
1875,0,,
1876,0,,
1877,1,34.44,2025-06-08
1878,0,,
1879,0,,
1880,0,,
1881,0,,
1882,0,,
1883,1,35.23,2025-07-24
1884,0,,
1885,1,22.86,2025-08-24
1886,0,,
1887,0,,
1888,0,,
1889,1,10.96,2025-07-31
1890,1,17.33,2025-07-26
1891,1,39.45,2025-09-25
1892,0,,
1893,1,26.59,2025-08-22
1894,0,,
1895,0,,
1896,1,56.33,2025-09-04
1897,1,57.59,2025-07-04
1898,0,,
1899,1,41.35,2025-09-12
1900,0,,
1901,0,,
1902,1,10.65,2025-06-20
1903,1,10.23,2025-09-26
1904,0,,
1905,0,,
1906,1,33.89,2025-07-25
1907,1,4.63,2025-06-25
1908,0,,
1909,1,50.38,2025-07-05
1910,0,,
1911,1,12.1,2025-07-26
1912,1,7.1,2025-06-14
1913,1,51.91,2025-09-21
1914,1,63.03,2025-06-14
1915,0,,
1916,0,,
1917,1,16.92,2025-07-25
1918,0,,
1919,0,,
1920,0,,
1921,0,,
1922,1,-2.31,2025-08-27
1923,1,22.56,2025-08-01
1924,0,,
1925,0,,
1926,0,,
1927,1,21.91,2025-08-11
1928,0,,
1929,0,,
1930,0,,
1931,1,16.03,2025-08-29
1932,0,,
1933,0,,
1934,0,,
1935,0,,
1936,0,,
1937,0,,
1938,1,20.6,2025-08-23
1939,0,,
1940,0,,
1941,0,,
1942,0,,
1943,0,,
1944,1,34.71,2025-08-25
1945,0,,
1946,0,,
1947,1,54.67,2025-06-10
1948,0,,
1949,0,,
1950,0,,
1951,0,,
1952,1,11.65,2025-06-01
1953,0,,
1954,1,61.41,2025-06-15
1955,0,,
1956,0,,
1957,0,,
1958,0,,
1959,1,26.61,2025-06-03
1960,0,,
1961,1,7.27,2025-09-09
1962,0,,
1963,1,15.66,2025-08-16
1964,1,31.15,2025-06-09
1965,0,,
1966,0,,
1967,1,17.1,2025-07-21
1968,0,,
1969,0,,
1970,1,39.77,2025-09-23
1971,1,5.05,2025-06-10
1972,0,,
1973,0,,
1974,1,13.89,2025-09-12
1975,0,,
1976,0,,
1977,0,,
1978,0,,
1979,0,,
1980,1,33.73,2025-08-02
1981,0,,
1982,0,,
1983,0,,
1984,0,,
1985,0,,
1986,0,,
1987,0,,
1988,0,,
1989,0,,
1990,1,54.75,2025-09-14
1991,1,53.84,2025-09-28
1992,0,,
1993,0,,
1994,0,,
1995,1,26.89,2025-07-01
1996,0,,
1997,1,12.55,2025-07-20
1998,0,,
1999,1,49.55,2025-09-15
2000,1,22.4,2025-09-17
2001,1,22.8,2025-07-25
2002,1,2.96,2025-07-29
2003,0,,
2004,0,,
2005,1,33.82,2025-08-03
2006,0,,
2007,0,,
2008,1,51.58,2025-07-11
2009,0,,
2010,1,8.24,2025-09-25
2011,0,,
2012,0,,
2013,1,22.86,2025-06-20
2014,1,21.92,2025-08-16
2015,1,26.78,2025-08-01
2016,1,7.36,2025-06-09
2017,0,,
2018,0,,
2019,1,37.67,2025-06-07
2020,0,,
2021,0,,
2022,0,,
2023,1,52.93,2025-06-29
2024,0,,
2025,0,,
2026,0,,
2027,1,13.9,2025-09-07
2028,0,,
2029,1,37.83,2025-08-02
2030,0,,
2031,0,,
2032,0,,
2033,1,-0.26,2025-07-08
2034,0,,
2035,1,27.81,2025-07-29
2036,1,45.15,2025-08-06
2037,0,,
2038,1,52.61,2025-06-10
2039,1,14.32,2025-06-20
2040,1,18.42,2025-09-22
2041,0,,
2042,1,29.54,2025-06-27
2043,1,37.78,2025-07-18
2044,0,,
2045,0,,
2046,1,24.95,2025-07-04
2047,0,,
2048,0,,
2049,0,,
2050,0,,
2051,0,,
2052,0,,
2053,0,,
2054,1,40.63,2025-06-24
2055,1,44.35,2025-06-22
2056,0,,
2057,0,,
2058,0,,
2059,0,,
2060,1,12.69,2025-06-08
2061,0,,
2062,0,,
2063,0,,
2064,1,-9.21,2025-08-14
2065,0,,
2066,1,-15,2025-07-16
2067,0,,
2068,0,,
2069,0,,
2070,0,,
2071,1,28.47,2025-06-29
2072,0,,
2073,1,33.87,2025-06-24
2074,1,-5.08,2025-08-23
2075,1,81.14,2025-08-16
2076,1,24.43,2025-06-09
2077,1,16.98,2025-07-28
2078,0,,
2079,1,17.0,2025-08-31
2080,0,,
2081,0,,
2082,0,,
2083,1,41.51,2025-07-06
2084,0,,
2085,0,,
2086,0,,
2087,1,22.38,2025-06-16
2088,1,27.21,2025-08-25
2089,1,3.16,2025-07-05
2090,0,,
2091,1,11.68,2025-07-27
2092,0,,
2093,0,,
2094,1,33.52,2025-07-12
2095,0,,
2096,0,,
2097,1,42.41,2025-09-18
2098,1,14.41,2025-07-04
2099,0,,
2100,1,37.29,2025-08-25
2101,0,,
2102,1,37.16,2025-08-23
2103,0,,
2104,0,,
2105,1,25.36,2025-09-25
2106,0,,
2107,0,,
2108,0,,
2109,0,,
2110,1,12.85,2025-07-14
2111,0,,
2112,0,,
2113,1,37.68,2025-09-07
2114,1,29.4,2025-07-12
2115,0,,
2116,0,,
2117,1,21.2,2025-06-03
2118,0,,
2119,0,,
2120,0,,
2121,1,2.45,2025-09-22
2122,0,,
2123,0,,
2124,0,,
2125,1,47.69,2025-06-09
2126,0,,
2127,0,,
2128,0,,
2129,0,,
2130,0,,
2131,1,40.64,2025-06-29
2132,1,22.39,2025-06-15
2133,0,,
2134,1,34.21,2025-06-08
2135,1,14.79,2025-07-30
2136,1,22.32,2025-06-28
2137,0,,
2138,0,,
2139,1,-6.18,2025-08-14
2140,1,38.87,2025-06-07
2141,0,,
2142,1,41.01,2025-06-06
2143,0,,
2144,0,,
2145,0,,
2146,0,,
2147,0,,
2148,0,,
2149,1,11.48,2025-07-26
2150,0,,
2151,0,,
2152,1,1.72,2025-07-12
2153,1,46.45,2025-07-25
2154,0,,
2155,0,,
2156,0,,
2157,0,,
2158,1,35.74,2025-09-26
2159,0,,
2160,0,,
2161,1,10.79,2025-06-04
2162,0,,
2163,0,,
2164,0,,
2165,0,,
2166,1,9.17,2025-08-24
2167,0,,
2168,1,40.73,2025-06-30
2169,1,37.64,2025-09-26
2170,0,,
2171,1,19.55,2025-08-17
2172,0,,
2173,0,,
2174,0,,
2175,0,,
2176,0,,
2177,0,,
2178,1,15.02,2025-08-30
2179,0,,
2180,0,,
2181,0,,
2182,0,,
2183,1,36.41,2025-09-02
2184,0,,
2185,1,40.78,2025-07-04
2186,1,65.75,2025-08-21
2187,1,54.8,2025-07-18
2188,0,,
2189,0,,
2190,0,,
2191,0,,
2192,1,41.38,2025-08-12
2193,0,,
2194,1,18.64,2025-09-11
2195,1,-3.72,2025-09-03
2196,0,,
2197,1,25.54,2025-06-29
2198,0,,
2199,0,,
2200,1,20.19,2025-09-20
2201,1,20.27,2025-07-20
2202,0,,
2203,1,-0.33,2025-06-10
2204,0,,
2205,0,,
2206,1,7.85,2025-07-03
2207,1,28.29,2025-06-07
2208,1,25.82,2025-07-08
2209,0,,
2210,1,18.82,2025-07-16
2211,1,0.56,2025-06-28
2212,1,27.22,2025-08-08
2213,0,,
2214,1,19.74,2025-09-23
2215,0,,
2216,0,,
2217,0,,
2218,0,,
2219,1,24.69,2025-07-27
2220,0,,
2221,1,23.81,2025-07-31
2222,0,,
2223,0,,
2224,1,26.78,2025-08-04
2225,1,17.77,2025-09-13
2226,0,,
2227,1,14.57,2025-08-24
2228,1,13.57,2025-08-12
2229,1,18.85,2025-06-03
2230,1,55.1,2025-07-27
2231,0,,
2232,0,,
2233,1,48.98,2025-08-03
2234,1,3.55,2025-08-01
2235,0,,
2236,0,,
2237,0,,
2238,0,,
2239,0,,
2240,1,1.86,2025-09-07
2241,0,,
2242,1,66.67,2025-06-30
2243,0,,
2244,1,33.43,2025-07-02
2245,1,2.35,2025-06-21
2246,1,27.23,2025-07-19
2247,1,-15,2025-07-06
2248,1,19.48,2025-07-24
2249,1,23.8,2025-08-17
2250,0,,
2251,1,-3.79,2025-08-27
2252,1,43.0,2025-06-24
2253,0,,
2254,0,,
2255,0,,
2256,0,,
2257,0,,
2258,0,,
2259,0,,
2260,1,13.91,2025-09-04
2261,0,,
2262,1,-6.39,2025-09-13
2263,0,,
2264,0,,
2265,0,,
2266,0,,
2267,0,,
2268,1,23.23,2025-09-18
2269,1,46.28,2025-09-25
2270,0,,
2271,0,,
2272,1,-15,2025-06-01
2273,0,,
2274,1,5.73,2025-08-09
2275,1,47.73,2025-07-22
2276,1,45.3,2025-08-22
2277,0,,
2278,0,,
2279,0,,
2280,0,,
2281,0,,
2282,0,,
2283,0,,
2284,1,17.63,2025-07-21
2285,0,,
2286,0,,
2287,0,,
2288,0,,
2289,0,,
2290,0,,
2291,1,6.44,2025-07-06
2292,0,,
2293,1,18.92,2025-08-12
2294,1,13.05,2025-06-17
2295,0,,
2296,0,,
2297,1,19.82,2025-07-26
2298,0,,
2299,0,,
2300,0,,
2301,0,,
2302,1,3.58,2025-08-16
2303,1,6.64,2025-07-17
2304,1,26.94,2025-08-13
2305,0,,
2306,0,,
2307,1,14.06,2025-07-26
2308,0,,
2309,0,,
2310,0,,
2311,1,27.08,2025-09-18
2312,0,,
2313,0,,
2314,1,3.9,2025-07-18
2315,0,,
2316,0,,
2317,0,,
2318,0,,
2319,0,,
2320,0,,
2321,0,,
2322,0,,
2323,1,17.26,2025-07-28
2324,0,,
2325,0,,
2326,0,,
2327,1,35.71,2025-06-05
2328,1,-11.22,2025-09-29
2329,0,,
2330,1,32.73,2025-07-17
2331,0,,
2332,0,,
2333,0,,
2334,1,35.47,2025-07-07
2335,1,18.79,2025-09-15
2336,0,,
2337,0,,
2338,0,,
2339,1,25.65,2025-07-20
2340,0,,
2341,1,13.14,2025-07-04
2342,0,,
2343,1,21.67,2025-07-14
2344,0,,
2345,0,,
2346,0,,
2347,0,,
2348,0,,
2349,0,,
2350,0,,
2351,1,7.75,2025-07-14
2352,0,,
2353,0,,
2354,1,35.4,2025-08-12
2355,0,,
2356,0,,
2357,0,,
2358,0,,
2359,1,12.85,2025-09-27
2360,0,,
2361,1,2.37,2025-06-19
2362,0,,
2363,0,,
2364,0,,
2365,0,,
2366,0,,
2367,0,,
2368,0,,
2369,0,,
2370,0,,
2371,0,,
2372,0,,
2373,0,,
2374,0,,
2375,0,,
2376,1,2.37,2025-09-27
2377,0,,
2378,0,,
2379,1,1.53,2025-07-26
2380,0,,
2381,1,-1.58,2025-08-09
2382,1,42.11,2025-09-14
2383,0,,
2384,1,8.24,2025-08-28
2385,1,41.35,2025-09-15
2386,0,,
2387,1,29.19,2025-07-16
2388,1,-9.36,2025-08-27
2389,0,,
2390,1,22.84,2025-08-02
2391,1,45.18,2025-06-09
2392,0,,
2393,0,,
2394,0,,
2395,0,,
2396,1,21.09,2025-09-18
2397,0,,
2398,0,,
2399,1,9.09,2025-06-13
2400,0,,
2401,1,11.67,2025-07-25
2402,0,,
2403,0,,
2404,0,,
2405,0,,
2406,1,16.52,2025-08-07
2407,1,22.75,2025-06-28
2408,0,,
2409,0,,
2410,0,,
2411,0,,
2412,1,41.46,2025-06-30
2413,1,15.26,2025-07-26
2414,0,,
2415,0,,
2416,0,,
2417,1,17.53,2025-06-12
2418,0,,
2419,0,,
2420,0,,
2421,0,,
2422,0,,
2423,1,44.37,2025-08-28
2424,1,32.77,2025-07-04
2425,1,6.59,2025-06-09
2426,0,,
2427,0,,
2428,0,,
2429,0,,
2430,0,,
2431,1,42.68,2025-06-13
2432,0,,
2433,0,,
2434,1,9.74,2025-06-25
2435,0,,
2436,0,,
2437,0,,
2438,0,,
2439,0,,
2440,0,,
2441,0,,
2442,0,,
2443,0,,
2444,0,,
2445,1,-14.83,2025-09-14
2446,1,3.54,2025-08-26
2447,1,-14.86,2025-08-26
2448,0,,
2449,0,,
2450,0,,
2451,0,,
2452,1,26.26,2025-07-02
2453,0,,
2454,0,,
2455,1,-7.71,2025-06-07
2456,0,,
2457,1,12.37,2025-09-02
2458,1,-8.17,2025-08-27
2459,0,,
2460,0,,
2461,0,,
2462,0,,
2463,0,,
2464,1,32.11,2025-09-16
2465,1,28.09,2025-08-19
2466,0,,
2467,1,39.92,2025-09-16
2468,0,,
2469,1,25.24,2025-08-28
2470,0,,
2471,0,,
2472,0,,
2473,0,,
2474,0,,
2475,0,,
2476,1,0.71,2025-08-05
2477,0,,
2478,0,,
2479,0,,
2480,0,,
2481,1,32.43,2025-07-26
2482,0,,
2483,0,,
2484,0,,
2485,0,,
2486,0,,
2487,0,,
2488,1,41.39,2025-07-08
2489,1,-4.51,2025-09-09
2490,1,47.08,2025-07-19
2491,0,,
2492,0,,
2493,0,,
2494,1,21.97,2025-07-11
2495,0,,
2496,1,13.72,2025-08-05
2497,1,25.61,2025-06-10
2498,0,,
2499,1,22.42,2025-09-12
2500,1,43.96,2025-09-11
